{
  "accuracy": 0.9318,
  "macro_f1": 0.9325,
  "weighted_f1": 0.9316,
  "cv_macro_f1_mean": 0.9349,
  "cv_macro_f1_std": 0.0035,
  "best_iteration": 379,
  "n_features": 23,
  "best_params": {
    "n_estimators": 683,
    "max_depth": 6,
    "learning_rate": 0.04085168416171183,
    "subsample": 0.8217898748355169,
    "colsample_bytree": 0.8269274308145127,
    "min_child_weight": 5,
    "gamma": 1.7211483298480752,
    "reg_alpha": 0.8149806033625668,
    "reg_lambda": 1.791326906288527
  }
}